hashtag_H	 cluster_C_leader_user_id	 relative_frequency_H_C	 frequency_H_in_C	 frequency_H_overall	 count_H_in_C	 count_tweets_in_C	 count_H_entire_dataset	 count_tweets_entire_dataset
10commandments	 1495800014576451586	 5.78497790868924903323	 .00147275405007363770	 .00025458248472505091	 1	 679	 1	 3928
2022election	 1509016490896683008	 5.78497790868924903323	 .00147275405007363770	 .00025458248472505091	 1	 679	 1	 3928
4corners	 1493176737907507200	 5.78497790868924903323	 .00147275405007363770	 .00025458248472505091	 1	 679	 1	 3928
500kwithnatouch	 1518101032009486336	 5.78497790868924891961	 .00294550810014727540	 .00050916496945010183	 2	 679	 2	 3928
609bedtimestory	 1496883895228583939	 4.33873343151693668971	 .00441826215022091310	 .00101832993890020366	 3	 679	 4	 3928
60mins	 1492993804261269506	 5.78497790868924903323	 .00147275405007363770	 .00025458248472505091	 1	 679	 1	 3928
60minutes	 1492993804261269506	 5.78497790868924903323	 .00147275405007363770	 .00025458248472505091	 1	 679	 1	 3928
abc730	 1479952635289473025	 .96416298478154148660	 .00147275405007363770	 .00152749490835030549	 1	 679	 6	 3928
abcbias	 1515840452863270916	 2.89248895434462445980	 .00147275405007363770	 .00050916496945010183	 1	 679	 2	 3928
abed	 1491273304652791808	 1.92832596956308298582	 .00147275405007363770	 .00076374745417515274	 1	 679	 3	 3928
ableg	 1516945309603033088	 3.18173784977908689721	 .01620029455081001472	 .00509164969450101832	 11	 679	 20	 3928
ableism	 1494129498379460615	 5.78497790868924903323	 .00147275405007363770	 .00025458248472505091	 1	 679	 1	 3928
abpoli	 1508875083594407936	 1.57772124782434060598	 .00441826215022091310	 .00280040733197556008	 3	 679	 11	 3928
abusiveavi	 1494281251863236611	 5.78497790868924903323	 .00147275405007363770	 .00025458248472505091	 1	 679	 1	 3928
actu	 1481509193417129984	 5.78497790868924903323	 .00147275405007363770	 .00025458248472505091	 1	 679	 1	 3928
admiraltylaw	 1513578377235644416	 5.78497790868924903323	 .00147275405007363770	 .00025458248472505091	 1	 679	 1	 3928
ag	 1513144652689551373	 5.78497790868924903323	 .00147275405007363770	 .00025458248472505091	 1	 679	 1	 3928
agedcare	 1513630841028550658	 4.33873343151693668971	 .00441826215022091310	 .00101832993890020366	 3	 679	 4	 3928
ago	 1504754753347244038	 5.78497790868924903323	 .00147275405007363770	 .00025458248472505091	 1	 679	 1	 3928
alberta	 1504899668546707458	 2.89248895434462445980	 .00147275405007363770	 .00050916496945010183	 1	 679	 2	 3928
albo4pm	 1520408831880179713	 2.89248895434462445980	 .00441826215022091310	 .00152749490835030549	 3	 679	 6	 3928
alboforpm	 1518017146529652737	 1.84626954532635603065	 .02209131075110456553	 .01196537678207739307	 15	 679	 47	 3928
alexhawke	 1499683752938643461	 5.78497790868924903323	 .00147275405007363770	 .00025458248472505091	 1	 679	 1	 3928
alp	 1513378021545476098	 5.78497790868924903323	 .00147275405007363770	 .00025458248472505091	 1	 679	 1	 3928
amazon	 1504895933774979079	 5.78497790868924891961	 .00294550810014727540	 .00050916496945010183	 2	 679	 2	 3928
anexprience	 1506297750731857921	 5.78497790868924903323	 .00147275405007363770	 .00025458248472505091	 1	 679	 1	 3928
angusgate	 1501061983273054208	 5.78497790868924903323	 .00147275405007363770	 .00025458248472505091	 1	 679	 1	 3928
annihilatelnp	 1512638255165935617	 4.33873343151693668971	 .00441826215022091310	 .00101832993890020366	 3	 679	 4	 3928
annihilatelnpcrooks	 1501061983273054208	 5.78497790868924903323	 .00147275405007363770	 .00025458248472505091	 1	 679	 1	 3928
announceables	 1478301414916911107	 5.78497790868924903323	 .00147275405007363770	 .00025458248472505091	 1	 679	 1	 3928
astrazeneca	 1513997146642657283	 2.89248895434462445980	 .00147275405007363770	 .00050916496945010183	 1	 679	 2	 3928
astrology	 1504564452536037376	 5.78497790868924903323	 .00147275405007363770	 .00025458248472505091	 1	 679	 1	 3928
astronomy	 1504564452536037376	 5.78497790868924903323	 .00147275405007363770	 .00025458248472505091	 1	 679	 1	 3928
auspoi	 1515837315024752642	 1.92832596956308298582	 .00147275405007363770	 .00076374745417515274	 1	 679	 3	 3928
auspol	 1519333339668553728	 2.61369483826321486273	 .11045655375552282768	 .04226069246435845213	 75	 679	 166	 3928
auspol2022	 1497776151615664136	 1.65285083105407111525	 .00294550810014727540	 .00178207739307535641	 2	 679	 7	 3928
auspol22	 1516644379942789120	 2.89248895434462445980	 .00147275405007363770	 .00050916496945010183	 1	 679	 2	 3928
auspoll	 1493849545650077698	 2.89248895434462445980	 .00147275405007363770	 .00050916496945010183	 1	 679	 2	 3928
auspolsocorrupt	 1501061983273054208	 2.31399116347569955875	 .00294550810014727540	 .00127291242362525458	 2	 679	 5	 3928
australia	 1518017146529652737	 4.13212707763517779374	 .00736377025036818851	 .00178207739307535641	 5	 679	 7	 3928
australiahasfallen	 1481523085803401216	 5.78497790868924903323	 .00147275405007363770	 .00025458248472505091	 1	 679	 1	 3928
ausvotes	 1518401138386604032	 3.53526427753231877314	 .01620029455081001472	 .00458248472505091649	 11	 679	 18	 3928
ausvotes2022	 1516551216234627072	 2.41040746195385371188	 .00736377025036818851	 .00305498981670061099	 5	 679	 12	 3928
ausvotes22	 1517791101947551745	 1.92832596956308298582	 .00147275405007363770	 .00076374745417515274	 1	 679	 3	 3928
author	 1504905411207450624	 5.78497790868924903323	 .00147275405007363770	 .00025458248472505091	 1	 679	 1	 3928
authorsoftwitter	 1504895933774979079	 5.78497790868924895748	 .00441826215022091310	 .00076374745417515274	 3	 679	 3	 3928
autoimmuneconditions	 1481754751570268164	 5.78497790868924903323	 .00147275405007363770	 .00025458248472505091	 1	 679	 1	 3928
azovbatallion	 1504928141692788737	 5.78497790868924903323	 .00147275405007363770	 .00025458248472505091	 1	 679	 1	 3928
azovnazis	 1504928141692788737	 5.78497790868924903323	 .00147275405007363770	 .00025458248472505091	 1	 679	 1	 3928
ba2	 1503727337694797829	 1.92832596956308297320	 .00294550810014727540	 .00152749490835030549	 2	 679	 6	 3928
bancongressionalstock	 1486058764100771841	 5.78497790868924903323	 .00147275405007363770	 .00025458248472505091	 1	 679	 1	 3928
bccrss	 1509148946140209154	 1.70146409079095555707	 .00736377025036818851	 .00432790224032586558	 5	 679	 17	 3928
bcpoli	 1491306773806194688	 .64277532318769432299	 .00147275405007363770	 .00229124236252545824	 1	 679	 9	 3928
beaheroforvotingrights	 1482391203270344707	 3.85665193912616597165	 .00294550810014727540	 .00076374745417515274	 2	 679	 3	 3928
befierce	 1501283385783865355	 5.78497790868924903323	 .00147275405007363770	 .00025458248472505091	 1	 679	 1	 3928
benghazi	 1516998050010435584	 5.78497790868924903323	 .00147275405007363770	 .00025458248472505091	 1	 679	 1	 3928
berejiklian	 1487222400123273220	 5.78497790868924903323	 .00147275405007363770	 .00025458248472505091	 1	 679	 1	 3928
berkshire	 1511731475376451585	 5.78497790868924903323	 .00147275405007363770	 .00025458248472505091	 1	 679	 1	 3928
betoforgovernor	 1482091826907652103	 .96416298478154148660	 .00147275405007363770	 .00152749490835030549	 1	 679	 6	 3928
betofortexas	 1497616898476982274	 2.47927624658110667287	 .00441826215022091310	 .00178207739307535641	 3	 679	 7	 3928
bidenboom	 1489845832249655299	 2.89248895434462445980	 .00294550810014727540	 .00101832993890020366	 2	 679	 4	 3928
bidendelivers	 1487536824075669506	 5.78497790868924903323	 .00147275405007363770	 .00025458248472505091	 1	 679	 1	 3928
bidenstrong	 1499152208318943245	 5.78497790868924903323	 .00147275405007363770	 .00025458248472505091	 1	 679	 1	 3928
big12	 1479181338842390536	 5.78497790868924903323	 .00147275405007363770	 .00025458248472505091	 1	 679	 1	 3928
biggestloser	 1482586482640670724	 5.78497790868924903323	 .00147275405007363770	 .00025458248472505091	 1	 679	 1	 3928
bigot	 1483520116415352832	 5.78497790868924903323	 .00147275405007363770	 .00025458248472505091	 1	 679	 1	 3928
birthcertificatefraud	 1509147342632632321	 2.89248895434462445980	 .00147275405007363770	 .00050916496945010183	 1	 679	 2	 3928
blickblick	 1505757347297349632	 5.78497790868924903323	 .00147275405007363770	 .00025458248472505091	 1	 679	 1	 3928
blogger	 1504905411207450624	 5.78497790868924903323	 .00147275405007363770	 .00025458248472505091	 1	 679	 1	 3928
bnefloods	 1500658106447327232	 5.78497790868924903323	 .00147275405007363770	 .00025458248472505091	 1	 679	 1	 3928
boebert	 1514612424850116617	 5.78497790868924903323	 .00147275405007363770	 .00025458248472505091	 1	 679	 1	 3928
bolshevik	 1504509648405213184	 5.78497790868924903323	 .00147275405007363770	 .00025458248472505091	 1	 679	 1	 3928
bootlnpout	 1509016490896683008	 5.78497790868924903323	 .00147275405007363770	 .00025458248472505091	 1	 679	 1	 3928
borisjohnson	 1505277122356645889	 2.31399116347569955875	 .00294550810014727540	 .00127291242362525458	 2	 679	 5	 3928
borisjohnsonout	 1483585037022990336	 2.89248895434462445980	 .00147275405007363770	 .00050916496945010183	 1	 679	 2	 3928
boristheliar	 1513110301201379336	 5.78497790868924903323	 .00147275405007363770	 .00025458248472505091	 1	 679	 1	 3928
boycottfaroeislands	 1475910747477749772	 5.78497790868924903323	 .00147275405007363770	 .00025458248472505091	 1	 679	 1	 3928
boycottwalgreens	 1494510710470033409	 5.78497790868924891961	 .00294550810014727540	 .00050916496945010183	 2	 679	 2	 3928
brain	 1481754751570268164	 5.78497790868924903323	 .00147275405007363770	 .00025458248472505091	 1	 679	 1	 3928
brexit	 1505277122356645889	 2.06606353881758889107	 .00736377025036818851	 .00356415478615071283	 5	 679	 14	 3928
brexitdisaster	 1513110301201379336	 5.78497790868924903323	 .00147275405007363770	 .00025458248472505091	 1	 679	 1	 3928
brexithasfailed	 1520315728951488512	 1.92832596956308298582	 .00147275405007363770	 .00076374745417515274	 1	 679	 3	 3928
brexitshambles	 1513110301201379336	 5.78497790868924903323	 .00147275405007363770	 .00025458248472505091	 1	 679	 1	 3928
britain	 1504564452536037376	 5.78497790868924903323	 .00147275405007363770	 .00025458248472505091	 1	 679	 1	 3928
britneyspears	 1504292592342736896	 5.78497790868924903323	 .00147275405007363770	 .00025458248472505091	 1	 679	 1	 3928
bru2301	 1485344722189262851	 2.89248895434462445980	 .00147275405007363770	 .00050916496945010183	 1	 679	 2	 3928
bruxelles	 1485344722189262851	 5.78497790868924903323	 .00147275405007363770	 .00025458248472505091	 1	 679	 1	 3928
bucha	 1511433734565740544	 2.89248895434462445980	 .00147275405007363770	 .00050916496945010183	 1	 679	 2	 3928
bussin	 1490848411259527173	 5.78497790868924903323	 .00147275405007363770	 .00025458248472505091	 1	 679	 1	 3928
callanelection	 1483309125694291968	 5.78497790868924903323	 .00147275405007363770	 .00025458248472505091	 1	 679	 1	 3928
calltheelection	 1484020653347184644	 2.89248895434462445980	 .00147275405007363770	 .00050916496945010183	 1	 679	 2	 3928
calltheelectionffffffhead	 1494204197339684870	 5.78497790868924903323	 .00147275405007363770	 .00025458248472505091	 1	 679	 1	 3928
cancers	 1481754751570268164	 5.78497790868924903323	 .00147275405007363770	 .00025458248472505091	 1	 679	 1	 3928
candyno	 1503430574689579008	 5.78497790868924903323	 .00147275405007363770	 .00025458248472505091	 1	 679	 1	 3928
carrieantoinette	 1481314666999595013	 5.78497790868924903323	 .00147275405007363770	 .00025458248472505091	 1	 679	 1	 3928
cashlessdebitcard	 1516644379942789120	 5.78497790868924903323	 .00147275405007363770	 .00025458248472505091	 1	 679	 1	 3928
cashlesswelfarecard	 1516644379942789120	 5.78497790868924891961	 .00294550810014727540	 .00050916496945010183	 2	 679	 2	 3928
catch22	 1513578377235644416	 2.89248895434462445980	 .00147275405007363770	 .00050916496945010183	 1	 679	 2	 3928
catsneedingrescue	 1508358763379576833	 5.78497790868924903323	 .00147275405007363770	 .00025458248472505091	 1	 679	 1	 3928
catsofukraine	 1508358763379576833	 5.78497790868924903323	 .00147275405007363770	 .00025458248472505091	 1	 679	 1	 3928
caturday	 1517802395270586368	 2.89248895434462445980	 .00147275405007363770	 .00050916496945010183	 1	 679	 2	 3928
chelsea	 1505677618833674241	 5.78497790868924903323	 .00147275405007363770	 .00025458248472505091	 1	 679	 1	 3928
childtaxcredit	 1483931374092492800	 5.78497790868924903323	 .00147275405007363770	 .00025458248472505091	 1	 679	 1	 3928
cleanenergy	 1497788447443992577	 5.78497790868924903323	 .00147275405007363770	 .00025458248472505091	 1	 679	 1	 3928
climatecrisis	 1478143021715578882	 .72312223858615611140	 .00147275405007363770	 .00203665987780040733	 1	 679	 8	 3928
climateemergency	 1512638255165935617	 1.44624447717231222990	 .00147275405007363770	 .00101832993890020366	 1	 679	 4	 3928
clivepalmer	 1492405820281454592	 5.78497790868924903323	 .00147275405007363770	 .00025458248472505091	 1	 679	 1	 3928
closetheskyoverukraine	 1499667921664045058	 5.78497790868924903323	 .00147275405007363770	 .00025458248472505091	 1	 679	 1	 3928
colouroflaw	 1513578377235644416	 5.78497790868924903323	 .00147275405007363770	 .00025458248472505091	 1	 679	 1	 3928
commerce	 1513578377235644416	 5.78497790868924903323	 .00147275405007363770	 .00025458248472505091	 1	 679	 1	 3928
commonlaw	 1509147342632632321	 2.89248895434462445980	 .00147275405007363770	 .00050916496945010183	 1	 679	 2	 3928
comparethepair	 1515616070320922635	 5.78497790868924903323	 .00147275405007363770	 .00025458248472505091	 1	 679	 1	 3928
completepsycho	 1492062459674624005	 5.78497790868924903323	 .00147275405007363770	 .00025458248472505091	 1	 679	 1	 3928
corrupt	 1498226869266788353	 5.78497790868924903323	 .00147275405007363770	 .00025458248472505091	 1	 679	 1	 3928
corruptgop	 1506665194818203649	 1.92832596956308298582	 .00147275405007363770	 .00076374745417515274	 1	 679	 3	 3928
corrupttoriesout	 1513110301201379336	 5.78497790868924903323	 .00147275405007363770	 .00025458248472505091	 1	 679	 1	 3928
costoflivingcrisis	 1511731475376451585	 3.85665193912616597165	 .00294550810014727540	 .00076374745417515274	 2	 679	 3	 3928
coutts	 1504899668546707458	 2.89248895434462445980	 .00147275405007363770	 .00050916496945010183	 1	 679	 2	 3928
covid	 1519044130986508289	 1.86612190602878996596	 .01472754050073637702	 .00789205702647657841	 10	 679	 31	 3928
covid19	 1509879199506608128	 1.15699558173784977982	 .01767304860088365243	 .01527494908350305498	 12	 679	 60	 3928
covid19ab	 1504518708777021447	 1.92832596956308298582	 .00147275405007363770	 .00076374745417515274	 1	 679	 3	 3928
covid19au	 1513630841028550658	 5.78497790868924903323	 .00147275405007363770	 .00025458248472505091	 1	 679	 1	 3928
covid19aus	 1481502547160584193	 1.44624447717231222990	 .00147275405007363770	 .00101832993890020366	 1	 679	 4	 3928
covidelimination	 1486334281416908804	 5.78497790868924903323	 .00147275405007363770	 .00025458248472505091	 1	 679	 1	 3928
covidisairborne	 1501436070361190404	 .38566519391261659312	 .00147275405007363770	 .00381873727087576374	 1	 679	 15	 3928
covidisnotover	 1519044130986508289	 .96416298478154148350	 .00589101620029455081	 .00610997963340122199	 4	 679	 24	 3928
covidisntover	 1511282244316401667	 2.89248895434462445980	 .00147275405007363770	 .00050916496945010183	 1	 679	 2	 3928
cpsc22	 1505118216321966083	 5.78497790868924903323	 .00147275405007363770	 .00025458248472505091	 1	 679	 1	 3928
crookdevelopers	 1478301414916911107	 5.78497790868924903323	 .00147275405007363770	 .00025458248472505091	 1	 679	 1	 3928
crookedlnp	 1478301414916911107	 5.78497790868924903323	 .00147275405007363770	 .00025458248472505091	 1	 679	 1	 3928
crumbmaiden	 1500007680135802883	 2.89248895434462445980	 .00147275405007363770	 .00050916496945010183	 1	 679	 2	 3928
dajshadoll	 1485838557470203905	 5.78497790868924903323	 .00147275405007363770	 .00025458248472505091	 1	 679	 1	 3928
dankekarl	 1516474706949554184	 1.44624447717231222990	 .00147275405007363770	 .00101832993890020366	 1	 679	 4	 3928
deadcat	 1514531201683443717	 5.78497790868924903323	 .00147275405007363770	 .00025458248472505091	 1	 679	 1	 3928
death	 1481754751570268164	 5.78497790868924903323	 .00147275405007363770	 .00025458248472505091	 1	 679	 1	 3928
deletespotify	 1486781535688736776	 2.89248895434462445980	 .00147275405007363770	 .00050916496945010183	 1	 679	 2	 3928
demcasttx	 1482391203270344707	 5.78497790868924903323	 .00147275405007363770	 .00025458248472505091	 1	 679	 1	 3928
demvoice1	 1506435813143425034	 1.44624447717231222516	 .00441826215022091310	 .00305498981670061099	 3	 679	 12	 3928
denmark	 1486781685291122688	 3.85665193912616597165	 .00294550810014727540	 .00076374745417515274	 2	 679	 3	 3928
depop	 1499669182773968904	 5.78497790868924903323	 .00147275405007363770	 .00025458248472505091	 1	 679	 1	 3928
desantis	 1518016888462364673	 5.78497790868924903323	 .00147275405007363770	 .00025458248472505091	 1	 679	 1	 3928
designmatters	 1478143021715578882	 5.78497790868924903323	 .00147275405007363770	 .00025458248472505091	 1	 679	 1	 3928
deutschebank	 1519742972186800130	 5.78497790868924903323	 .00147275405007363770	 .00025458248472505091	 1	 679	 1	 3928
devon	 1495015821936103424	 5.78497790868924903323	 .00147275405007363770	 .00025458248472505091	 1	 679	 1	 3928
dfg	 1482586482640670724	 5.78497790868924903323	 .00147275405007363770	 .00025458248472505091	 1	 679	 1	 3928
dictatordesantis	 1518049884590333952	 5.78497790868924903323	 .00147275405007363770	 .00025458248472505091	 1	 679	 1	 3928
diemaskebleibtauf	 1519049678637178886	 3.21387661593847161935	 .00736377025036818851	 .00229124236252545824	 5	 679	 9	 3928
dievernunftsiegt	 1513272302309359628	 5.78497790868924903323	 .00147275405007363770	 .00025458248472505091	 1	 679	 1	 3928
ditchtheprotocol	 1496102230184841218	 5.78497790868924903323	 .00147275405007363770	 .00025458248472505091	 1	 679	 1	 3928
dobetterabc	 1504718539294650373	 5.78497790868924903323	 .00147275405007363770	 .00025458248472505091	 1	 679	 1	 3928
domicrom	 1479025309596872704	 5.78497790868924903323	 .00147275405007363770	 .00025458248472505091	 1	 679	 1	 3928
domicron	 1478951336238469121	 1.15699558173784977937	 .00147275405007363770	 .00127291242362525458	 1	 679	 5	 3928
donetsk	 1502994468898840579	 2.89248895434462445980	 .00147275405007363770	 .00050916496945010183	 1	 679	 2	 3928
donothingdoug	 1495482201366056969	 5.78497790868924903323	 .00147275405007363770	 .00025458248472505091	 1	 679	 1	 3928
dontlookup	 1514270383985278977	 5.78497790868924891961	 .00294550810014727540	 .00050916496945010183	 2	 679	 2	 3928
dowehaveaproblem	 1490102122259488770	 3.85665193912616597165	 .00294550810014727540	 .00076374745417515274	 2	 679	 3	 3928
downingstreetparties	 1485667948257857539	 5.78497790868924903323	 .00147275405007363770	 .00025458248472505091	 1	 679	 1	 3928
dutton	 1501043126265589765	 2.89248895434462445980	 .00147275405007363770	 .00050916496945010183	 1	 679	 2	 3928
election2022	 1516644379942789120	 2.89248895434462445980	 .00294550810014727540	 .00101832993890020366	 2	 679	 4	 3928
election22	 1501061983273054208	 5.78497790868924891961	 .00294550810014727540	 .00050916496945010183	 2	 679	 2	 3928
emeraldcity	 1513144652689551373	 5.78497790868924903323	 .00147275405007363770	 .00025458248472505091	 1	 679	 1	 3928
endemic	 1486334281416908804	 5.78497790868924903323	 .00147275405007363770	 .00025458248472505091	 1	 679	 1	 3928
engineering	 1507625794927235074	 5.78497790868924903323	 .00147275405007363770	 .00025458248472505091	 1	 679	 1	 3928
englishriviera	 1495015821936103424	 5.78497790868924903323	 .00147275405007363770	 .00025458248472505091	 1	 679	 1	 3928
epsteinbarrvirus	 1481754751570268164	 5.78497790868924903323	 .00147275405007363770	 .00025458248472505091	 1	 679	 1	 3928
ethics	 1507625794927235074	 2.89248895434462445980	 .00147275405007363770	 .00050916496945010183	 1	 679	 2	 3928
eu	 1498221382940909569	 1.44624447717231222990	 .00147275405007363770	 .00101832993890020366	 1	 679	 4	 3928
europe	 1502559523843805185	 5.78497790868924903323	 .00147275405007363770	 .00025458248472505091	 1	 679	 1	 3928
expandthecourt	 1511704623362551809	 3.85665193912616597165	 .00294550810014727540	 .00076374745417515274	 2	 679	 3	 3928
extinctionrebellion	 1514270383985278977	 5.78497790868924903323	 .00147275405007363770	 .00025458248472505091	 1	 679	 1	 3928
fauxmo	 1518401138386604032	 5.78497790868924903323	 .00147275405007363770	 .00025458248472505091	 1	 679	 1	 3928
fecklesslumpscotty	 1477908877404295169	 2.89248895434462445980	 .00147275405007363770	 .00050916496945010183	 1	 679	 2	 3928
federalicac	 1512579657534640132	 .64277532318769432299	 .00147275405007363770	 .00229124236252545824	 1	 679	 9	 3928
fedicac	 1512638255165935617	 4.33873343151693668971	 .00441826215022091310	 .00101832993890020366	 3	 679	 4	 3928
ffffffhead	 1495320253764878338	 1.92832596956308298582	 .00147275405007363770	 .00076374745417515274	 1	 679	 3	 3928
fillupfriday	 1512297255809785859	 2.31399116347569955875	 .00294550810014727540	 .00127291242362525458	 2	 679	 5	 3928
firedejoynow	 1511811996307451905	 5.78497790868924903323	 .00147275405007363770	 .00025458248472505091	 1	 679	 1	 3928
firedesantis2022	 1517985722871037953	 5.78497790868924903323	 .00147275405007363770	 .00025458248472505091	 1	 679	 1	 3928
firegarland	 1511364962232406019	 5.78497790868924903323	 .00147275405007363770	 .00025458248472505091	 1	 679	 1	 3928
firemerrickgarland	 1481783648219246601	 5.78497790868924903323	 .00147275405007363770	 .00025458248472505091	 1	 679	 1	 3928
firetheucp	 1508875083594407936	 1.44624447717231222990	 .00147275405007363770	 .00101832993890020366	 1	 679	 4	 3928
fireucp	 1506048578652844032	 5.78497790868924903323	 .00147275405007363770	 .00025458248472505091	 1	 679	 1	 3928
flashbackfriday	 1520028454451912704	 5.78497790868924891961	 .00294550810014727540	 .00050916496945010183	 2	 679	 2	 3928
florida	 1518016888462364673	 3.85665193912616597165	 .00294550810014727540	 .00076374745417515274	 2	 679	 3	 3928
floridataxpayers	 1518016888462364673	 5.78497790868924903323	 .00147275405007363770	 .00025458248472505091	 1	 679	 1	 3928
fluke_natouch	 1501389049382125569	 4.62798232695139912536	 .00589101620029455081	 .00127291242362525458	 4	 679	 5	 3928
flutruxklan	 1491306773806194688	 .96416298478154148660	 .00147275405007363770	 .00152749490835030549	 1	 679	 6	 3928
followmedon	 1519475067692158976	 5.78497790868924903323	 .00147275405007363770	 .00025458248472505091	 1	 679	 1	 3928
fordfailedkids	 1487943911393968128	 5.78497790868924903323	 .00147275405007363770	 .00025458248472505091	 1	 679	 1	 3928
fordfailedontario	 1487943911393968128	 1.92832596956308298582	 .00147275405007363770	 .00076374745417515274	 1	 679	 3	 3928
fordfailedottawa	 1490367380945575937	 5.78497790868924903323	 .00147275405007363770	 .00025458248472505091	 1	 679	 1	 3928
forgery	 1501061983273054208	 5.78497790868924903323	 .00147275405007363770	 .00025458248472505091	 1	 679	 1	 3928
franceelections2022	 1518398976722354176	 5.78497790868924903323	 .00147275405007363770	 .00025458248472505091	 1	 679	 1	 3928
fredvanvleet	 1479157876614651907	 5.78497790868924891961	 .00294550810014727540	 .00050916496945010183	 2	 679	 2	 3928
freedumbery	 1492386008523886595	 5.78497790868924903323	 .00147275405007363770	 .00025458248472505091	 1	 679	 1	 3928
freen95	 1481533746096783362	 5.78497790868924903323	 .00147275405007363770	 .00025458248472505091	 1	 679	 1	 3928
freenazanin	 1479991468374827010	 2.89248895434462445980	 .00147275405007363770	 .00050916496945010183	 1	 679	 2	 3928
freenazaninnow	 1479991468374827010	 5.78497790868924903323	 .00147275405007363770	 .00025458248472505091	 1	 679	 1	 3928
freerats	 1481533746096783362	 5.78497790868924891961	 .00294550810014727540	 .00050916496945010183	 2	 679	 2	 3928
freeshipment	 1500535548703772673	 5.78497790868924903323	 .00147275405007363770	 .00025458248472505091	 1	 679	 1	 3928
freethemall	 1481577687743303680	 2.89248895434462445980	 .00147275405007363770	 .00050916496945010183	 1	 679	 2	 3928
freetherefugees	 1481577687743303680	 5.78497790868924903323	 .00147275405007363770	 .00025458248472505091	 1	 679	 1	 3928
freshvoicesrise	 1503344895083401224	 5.78497790868924903323	 .00147275405007363770	 .00025458248472505091	 1	 679	 1	 3928
friendlyjordies	 1501323024267579393	 5.78497790868924903323	 .00147275405007363770	 .00025458248472505091	 1	 679	 1	 3928
friends	 1515732394996903939	 5.78497790868924903323	 .00147275405007363770	 .00025458248472505091	 1	 679	 1	 3928
fuhrerdutts	 1488058612937211909	 5.78497790868924903323	 .00147275405007363770	 .00025458248472505091	 1	 679	 1	 3928
fullmoon	 1504944667422609415	 5.78497790868924891961	 .00294550810014727540	 .00050916496945010183	 2	 679	 2	 3928
gaffe	 1515572434685988864	 5.78497790868924903323	 .00147275405007363770	 .00025458248472505091	 1	 679	 1	 3928
gaza	 1504928141692788737	 5.78497790868924903323	 .00147275405007363770	 .00025458248472505091	 1	 679	 1	 3928
ge2024	 1514531201683443717	 5.78497790868924903323	 .00147275405007363770	 .00025458248472505091	 1	 679	 1	 3928
genocide	 1515732394996903939	 2.89248895434462445980	 .00147275405007363770	 .00050916496945010183	 1	 679	 2	 3928
genocideofukrainians	 1510365221134741507	 5.78497790868924903323	 .00147275405007363770	 .00025458248472505091	 1	 679	 1	 3928
georgia	 1497605784213069824	 5.78497790868924903323	 .00147275405007363770	 .00025458248472505091	 1	 679	 1	 3928
gerryharvey	 1497776151615664136	 2.89248895434462445980	 .00147275405007363770	 .00050916496945010183	 1	 679	 2	 3928
getboosted	 1494697722485501953	 2.89248895434462445980	 .00147275405007363770	 .00050916496945010183	 1	 679	 2	 3928
getmaskednow	 1502201639863832577	 5.78497790868924903323	 .00147275405007363770	 .00025458248472505091	 1	 679	 1	 3928
getvaccinatednow	 1487443271358074889	 .96416298478154148660	 .00147275405007363770	 .00152749490835030549	 1	 679	 6	 3928
ghoststory	 1504885460585304072	 5.78497790868924903323	 .00147275405007363770	 .00025458248472505091	 1	 679	 1	 3928
ginger	 1510562148002451458	 5.78497790868924903323	 .00147275405007363770	 .00025458248472505091	 1	 679	 1	 3928
glorytoukraine	 1510400725917978627	 5.78497790868924903323	 .00147275405007363770	 .00025458248472505091	 1	 679	 1	 3928
god	 1495800014576451586	 5.78497790868924903323	 .00147275405007363770	 .00025458248472505091	 1	 679	 1	 3928
godslaw	 1513578377235644416	 5.78497790868924891961	 .00294550810014727540	 .00050916496945010183	 2	 679	 2	 3928
goldsteinvotes	 1496772099137945605	 2.89248895434462445980	 .00147275405007363770	 .00050916496945010183	 1	 679	 2	 3928
goodhealth	 1510562148002451458	 5.78497790868924903323	 .00147275405007363770	 .00025458248472505091	 1	 679	 1	 3928
gop	 1506435813143425034	 .96416298478154148660	 .00147275405007363770	 .00152749490835030549	 1	 679	 6	 3928
gopseditioustraitors	 1480966947143667714	 5.78497790868924903323	 .00147275405007363770	 .00025458248472505091	 1	 679	 1	 3928
goptherussianparty	 1498175116361883652	 5.78497790868924903323	 .00147275405007363770	 .00025458248472505091	 1	 679	 1	 3928
goptherussianpartyoftraitors	 1509581015173500930	 2.89248895434462445980	 .00147275405007363770	 .00050916496945010183	 1	 679	 2	 3928
goptraitorstodemocracy	 1496552387946942467	 5.78497790868924903323	 .00147275405007363770	 .00025458248472505091	 1	 679	 1	 3928
goptreason	 1509683972590112789	 5.78497790868924903323	 .00147275405007363770	 .00025458248472505091	 1	 679	 1	 3928
gottaloveher	 1489615948592164869	 5.78497790868924903323	 .00147275405007363770	 .00025458248472505091	 1	 679	 1	 3928
gqp	 1498867998286921743	 5.78497790868924903323	 .00147275405007363770	 .00025458248472505091	 1	 679	 1	 3928
grammmmmmude	 1512954486645530625	 5.78497790868924903323	 .00147275405007363770	 .00025458248472505091	 1	 679	 1	 3928
gregpearson	 1514894730408169474	 5.78497790868924903323	 .00147275405007363770	 .00025458248472505091	 1	 679	 1	 3928
grifter	 1510634257219162120	 5.78497790868924903323	 .00147275405007363770	 .00025458248472505091	 1	 679	 1	 3928
gutlessscomo	 1513842303718551552	 .48208149239077074172	 .00147275405007363770	 .00305498981670061099	 1	 679	 12	 3928
hailtothechief	 1513617882122719232	 5.78497790868924903323	 .00147275405007363770	 .00025458248472505091	 1	 679	 1	 3928
hamas	 1504928141692788737	 5.78497790868924903323	 .00147275405007363770	 .00025458248472505091	 1	 679	 1	 3928
happynewyear	 1477266328784416771	 5.78497790868924903323	 .00147275405007363770	 .00025458248472505091	 1	 679	 1	 3928
happynewyear2022	 1477266328784416771	 1.92832596956308298582	 .00147275405007363770	 .00076374745417515274	 1	 679	 3	 3928
hauntedhouse	 1504885460585304072	 5.78497790868924903323	 .00147275405007363770	 .00025458248472505091	 1	 679	 1	 3928
hd108	 1501188261347221512	 5.78497790868924903323	 .00147275405007363770	 .00025458248472505091	 1	 679	 1	 3928
healthcare	 1501247486987579395	 2.89248895434462445980	 .00294550810014727540	 .00101832993890020366	 2	 679	 4	 3928
hepammmmmmis	 1518952313423073285	 5.78497790868924903323	 .00147275405007363770	 .00025458248472505091	 1	 679	 1	 3928
hitler	 1504509648405213184	 5.78497790868924903323	 .00147275405007363770	 .00025458248472505091	 1	 679	 1	 3928
honorourrealheroes	 1479266193097707521	 5.78497790868924903323	 .00147275405007363770	 .00025458248472505091	 1	 679	 1	 3928
horriblehorribleperson	 1492343732087115777	 5.78497790868924903323	 .00147275405007363770	 .00025458248472505091	 1	 679	 1	 3928
horrorcommunity	 1504885460585304072	 5.78497790868924903323	 .00147275405007363770	 .00025458248472505091	 1	 679	 1	 3928
humanshields	 1504928141692788737	 5.78497790868924903323	 .00147275405007363770	 .00025458248472505091	 1	 679	 1	 3928
ialegislature	 1489300528937025537	 5.78497790868924903323	 .00147275405007363770	 .00025458248472505091	 1	 679	 1	 3928
idahogop	 1520174857434107905	 5.78497790868924903323	 .00147275405007363770	 .00025458248472505091	 1	 679	 1	 3928
idontthinkiknow	 1518398976722354176	 5.78497790868924903323	 .00147275405007363770	 .00025458248472505091	 1	 679	 1	 3928
idsillegal	 1495800014576451586	 .52590708260811353532	 .00147275405007363770	 .00280040733197556008	 1	 679	 11	 3928
ihaveapreexistingcondition	 1485728432390500353	 5.78497790868924895748	 .00441826215022091310	 .00076374745417515274	 3	 679	 3	 3928
immunosuppressed	 1485709299166826496	 5.78497790868924903323	 .00147275405007363770	 .00025458248472505091	 1	 679	 1	 3928
impeachmentone	 1500264603762233350	 5.78497790868924903323	 .00147275405007363770	 .00025458248472505091	 1	 679	 1	 3928
indue	 1516358755377565698	 2.89248895434462445980	 .00147275405007363770	 .00050916496945010183	 1	 679	 2	 3928
influenza	 1487486891997941760	 5.78497790868924903323	 .00147275405007363770	 .00025458248472505091	 1	 679	 1	 3928
insiders	 1515090402881449984	 1.23963812329055333296	 .00441826215022091310	 .00356415478615071283	 3	 679	 14	 3928
insurrectionhasconsequences	 1493775729393209345	 5.78497790868924903323	 .00147275405007363770	 .00025458248472505091	 1	 679	 1	 3928
insurrectionist	 1493775729393209345	 5.78497790868924903323	 .00147275405007363770	 .00025458248472505091	 1	 679	 1	 3928
intlcrimcourt	 1515732394996903939	 5.78497790868924903323	 .00147275405007363770	 .00025458248472505091	 1	 679	 1	 3928
introductionloveat9	 1485261669987201028	 5.78497790868924891961	 .00294550810014727540	 .00050916496945010183	 2	 679	 2	 3928
iowa	 1489300528937025537	 1.92832596956308298582	 .00147275405007363770	 .00076374745417515274	 1	 679	 3	 3928
istandwithgrace	 1487615085241458690	 5.78497790868924903323	 .00147275405007363770	 .00025458248472505091	 1	 679	 1	 3928
istandwithukraine	 1508957618492125188	 1.15699558173784977937	 .00441826215022091310	 .00381873727087576374	 3	 679	 15	 3928
istandwithukriane	 1498335141676130308	 3.85665193912616597165	 .00294550810014727540	 .00076374745417515274	 2	 679	 3	 3928
jamorant	 1479181338842390536	 5.78497790868924903323	 .00147275405007363770	 .00025458248472505091	 1	 679	 1	 3928
january6thinsurrection	 1478694341736648710	 2.89248895434462445980	 .00147275405007363770	 .00050916496945010183	 1	 679	 2	 3928
jennyfromqanon	 1492993804261269506	 5.78497790868924903323	 .00147275405007363770	 .00025458248472505091	 1	 679	 1	 3928
jimclark	 1511954630330171398	 5.78497790868924903323	 .00147275405007363770	 .00025458248472505091	 1	 679	 1	 3928
jobseeker	 1488353431823605760	 5.78497790868924903323	 .00147275405007363770	 .00025458248472505091	 1	 679	 1	 3928
johnsonout	 1486051857290207236	 .19948199685135341007	 .00147275405007363770	 .00738289205702647657	 1	 679	 29	 3928
johnsonout11	 1489655452719845383	 5.78497790868924903323	 .00147275405007363770	 .00025458248472505091	 1	 679	 1	 3928
johnsonout14	 1490519463036428293	 5.78497790868924903323	 .00147275405007363770	 .00025458248472505091	 1	 679	 1	 3928
johnsonout19	 1492292346817527808	 2.89248895434462445980	 .00147275405007363770	 .00050916496945010183	 1	 679	 2	 3928
johnsonout20	 1492650114917228546	 1.44624447717231222990	 .00147275405007363770	 .00101832993890020366	 1	 679	 4	 3928
johnsonout22	 1493671732527390722	 5.78497790868924903323	 .00147275405007363770	 .00025458248472505091	 1	 679	 1	 3928
johnsonout_23	 1494023007173550080	 2.89248895434462445980	 .00294550810014727540	 .00101832993890020366	 2	 679	 4	 3928
johnsonout25	 1494786071858667524	 2.89248895434462445980	 .00147275405007363770	 .00050916496945010183	 1	 679	 2	 3928
johnsonout26	 1495007043714961413	 5.78497790868924891961	 .00294550810014727540	 .00050916496945010183	 2	 679	 2	 3928
johnsonout27	 1495367463910973449	 2.89248895434462445980	 .00147275405007363770	 .00050916496945010183	 1	 679	 2	 3928
johnsonout30	 1496463701146312704	 5.78497790868924903323	 .00147275405007363770	 .00025458248472505091	 1	 679	 1	 3928
johnsonout42	 1500835904579067904	 5.78497790868924903323	 .00147275405007363770	 .00025458248472505091	 1	 679	 1	 3928
johnsonout43	 1501188534274863104	 .96416298478154148660	 .00147275405007363770	 .00152749490835030549	 1	 679	 6	 3928
johnsonout52	 1504254581932449792	 5.78497790868924903323	 .00147275405007363770	 .00025458248472505091	 1	 679	 1	 3928
johnsonout7	 1488141985953288196	 5.78497790868924903323	 .00147275405007363770	 .00025458248472505091	 1	 679	 1	 3928
johnsonout9	 1488937185361514504	 2.89248895434462445980	 .00147275405007363770	 .00050916496945010183	 1	 679	 2	 3928
johnsonoutday_25	 1494786071858667524	 2.89248895434462445980	 .00147275405007363770	 .00050916496945010183	 1	 679	 2	 3928
johnsonoutday25	 1494786071858667524	 1.44624447717231222280	 .00294550810014727540	 .00203665987780040733	 2	 679	 8	 3928
johnsonouttoday	 1481342217084153857	 5.78497790868924903323	 .00147275405007363770	 .00025458248472505091	 1	 679	 1	 3928
johnsonthecorruptpm	 1513110301201379336	 1.92832596956308298582	 .00147275405007363770	 .00076374745417515274	 1	 679	 3	 3928
johnsontheliar	 1513110301201379336	 5.78497790868924903323	 .00147275405007363770	 .00025458248472505091	 1	 679	 1	 3928
joshiefromaccounts	 1505642550337552384	 5.78497790868924903323	 .00147275405007363770	 .00025458248472505091	 1	 679	 1	 3928
joyce	 1477558506051960839	 2.89248895434462445980	 .00147275405007363770	 .00050916496945010183	 1	 679	 2	 3928
justtransition	 1514524942087380994	 5.78497790868924903323	 .00147275405007363770	 .00025458248472505091	 1	 679	 1	 3928
katanjibrownjackson	 1506665194818203649	 5.78497790868924903323	 .00147275405007363770	 .00025458248472505091	 1	 679	 1	 3928
kdp	 1504885460585304072	 5.78497790868924903323	 .00147275405007363770	 .00025458248472505091	 1	 679	 1	 3928
keepmasks	 1491750180986753024	 5.78497790868924903323	 .00147275405007363770	 .00025458248472505091	 1	 679	 1	 3928
kevinmccarthyisathreattoamericandemocracy	 1484535615572033537	 5.78497790868924903323	 .00147275405007363770	 .00025458248472505091	 1	 679	 1	 3928
kevinmccarthylowlif	 1489336565264523264	 5.78497790868924903323	 .00147275405007363770	 .00025458248472505091	 1	 679	 1	 3928
kevinmccarthyresign	 1488553243793838084	 5.78497790868924903323	 .00147275405007363770	 .00025458248472505091	 1	 679	 1	 3928
kiev	 1497735774632038406	 5.78497790868924903323	 .00147275405007363770	 .00025458248472505091	 1	 679	 1	 3928
kiew	 1497556011225432066	 5.78497790868924903323	 .00147275405007363770	 .00025458248472505091	 1	 679	 1	 3928
killthebill	 1490870732271669249	 5.78497790868924903323	 .00147275405007363770	 .00025458248472505091	 1	 679	 1	 3928
kindle	 1504885460585304072	 5.78497790868924903323	 .00147275405007363770	 .00025458248472505091	 1	 679	 1	 3928
kindleunlimited	 1504895933774979079	 5.78497790868924891961	 .00294550810014727540	 .00050916496945010183	 2	 679	 2	 3928
kjv	 1495800014576451586	 5.78497790868924903323	 .00147275405007363770	 .00025458248472505091	 1	 679	 1	 3928
kochnetwork	 1488722481066102784	 1.15699558173784977937	 .00147275405007363770	 .00127291242362525458	 1	 679	 5	 3928
kooyong	 1516425069790375948	 5.78497790868924891961	 .00294550810014727540	 .00050916496945010183	 2	 679	 2	 3928
kooyongcrook	 1516425069790375948	 5.78497790868924903323	 .00147275405007363770	 .00025458248472505091	 1	 679	 1	 3928
kooyongvotes	 1499291545866219520	 2.89248895434462445980	 .00294550810014727540	 .00101832993890020366	 2	 679	 4	 3928
lauterbachbleibt	 1516474706949554184	 3.61561119293078056191	 .00736377025036818851	 .00203665987780040733	 5	 679	 8	 3928
lawoftheland	 1513578377235644416	 5.78497790868924903323	 .00147275405007363770	 .00025458248472505091	 1	 679	 1	 3928
lbc	 1514531201683443717	 5.78497790868924903323	 .00147275405007363770	 .00025458248472505091	 1	 679	 1	 3928
leadersdebate	 1516913027861585920	 5.78497790868924903323	 .00147275405007363770	 .00025458248472505091	 1	 679	 1	 3928
legal	 1509147342632632321	 2.89248895434462445980	 .00294550810014727540	 .00101832993890020366	 2	 679	 4	 3928
legaldeathcult	 1495800014576451586	 5.78497790868924903323	 .00147275405007363770	 .00025458248472505091	 1	 679	 1	 3928
legalisillegal	 1513578377235644416	 2.89248895434462445980	 .00147275405007363770	 .00050916496945010183	 1	 679	 2	 3928
legalisnotlaw	 1513578377235644416	 2.89248895434462445980	 .00147275405007363770	 .00050916496945010183	 1	 679	 2	 3928
legalnamefraud	 1495800014576451586	 .57849779086892488968	 .00147275405007363770	 .00254582484725050916	 1	 679	 10	 3928
legends	 1493038501767442432	 5.78497790868924903323	 .00147275405007363770	 .00025458248472505091	 1	 679	 1	 3928
lemmmmmmrip	 1520180788171767810	 2.31399116347569956268	 .00589101620029455081	 .00254582484725050916	 4	 679	 10	 3928
lemmmmmmripdom	 1487903366051086338	 2.89248895434462445980	 .00147275405007363770	 .00050916496945010183	 1	 679	 2	 3928
liberalcorruptionparty	 1490869382452740097	 5.78497790868924903323	 .00147275405007363770	 .00025458248472505091	 1	 679	 1	 3928
libertarian	 1492386008523886595	 5.78497790868924903323	 .00147275405007363770	 .00025458248472505091	 1	 679	 1	 3928
libspill	 1508784228774801408	 5.78497790868924903323	 .00147275405007363770	 .00025458248472505091	 1	 679	 1	 3928
ligadeguerreros	 1502692628294508553	 5.78497790868924903323	 .00147275405007363770	 .00025458248472505091	 1	 679	 1	 3928
lindseygraham	 1506665194818203649	 5.78497790868924903323	 .00147275405007363770	 .00025458248472505091	 1	 679	 1	 3928
living	 1484646963320868864	 5.78497790868924903323	 .00147275405007363770	 .00025458248472505091	 1	 679	 1	 3928
livingwithcovid	 1484676465098895361	 3.85665193912616597165	 .00294550810014727540	 .00076374745417515274	 2	 679	 3	 3928
lnp	 1519271028706648064	 2.57110129275077729636	 .00589101620029455081	 .00229124236252545824	 4	 679	 9	 3928
lnpbingochart	 1501061983273054208	 5.78497790868924903323	 .00147275405007363770	 .00025458248472505091	 1	 679	 1	 3928
lnpbunglers	 1477908877404295169	 5.78497790868924903323	 .00147275405007363770	 .00025458248472505091	 1	 679	 1	 3928
lnpcabinet	 1501061983273054208	 5.78497790868924903323	 .00147275405007363770	 .00025458248472505091	 1	 679	 1	 3928
lnpcorruption	 1518576153832804352	 2.89248895434462445980	 .00147275405007363770	 .00050916496945010183	 1	 679	 2	 3928
lnpcorruptionparty	 1518877185968250881	 2.57110129275077729074	 .01178203240058910162	 .00458248472505091649	 8	 679	 18	 3928
lnpcrimefamily	 1512638255165935617	 1.65285083105407111525	 .00294550810014727540	 .00178207739307535641	 2	 679	 7	 3928
lnpdeathcult	 1487905061145817088	 2.89248895434462445980	 .00441826215022091310	 .00152749490835030549	 3	 679	 6	 3928
lnpdisasters	 1477908877404295169	 5.78497790868924903323	 .00147275405007363770	 .00025458248472505091	 1	 679	 1	 3928
lnpdisgrace	 1518017146529652737	 4.04948453608247423175	 .01030927835051546391	 .00254582484725050916	 7	 679	 10	 3928
lnpdystopianhellscape	 1501043126265589765	 5.78497790868924903323	 .00147275405007363770	 .00025458248472505091	 1	 679	 1	 3928
lnpfail	 1501058325387313152	 2.47927624658110667287	 .00441826215022091310	 .00178207739307535641	 3	 679	 7	 3928
lnpliars	 1478301414916911107	 2.89248895434462445980	 .00147275405007363770	 .00050916496945010183	 1	 679	 2	 3928
lnpmaladministration	 1503940820642148356	 5.78497790868924903323	 .00147275405007363770	 .00025458248472505091	 1	 679	 1	 3928
lnpscarecampaign	 1492727495921381387	 5.78497790868924903323	 .00147275405007363770	 .00025458248472505091	 1	 679	 1	 3928
lockdown	 1509879199506608128	 3.85665193912616597165	 .00294550810014727540	 .00076374745417515274	 2	 679	 3	 3928
lockdowns	 1479319235746664449	 2.89248895434462445980	 .00147275405007363770	 .00050916496945010183	 1	 679	 2	 3928
lockherup	 1519507151357624321	 5.78497790868924903323	 .00147275405007363770	 .00025458248472505091	 1	 679	 1	 3928
lockhimup	 1488553243793838084	 5.78497790868924903323	 .00147275405007363770	 .00025458248472505091	 1	 679	 1	 3928
london	 1504564452536037376	 5.78497790868924903323	 .00147275405007363770	 .00025458248472505091	 1	 679	 1	 3928
longcovid	 1520160367489724416	 1.12694374844595757666	 .02209131075110456553	 .01960285132382892057	 15	 679	 77	 3928
longliveukraine	 1508775163051098119	 2.89248895434462445980	 .00147275405007363770	 .00050916496945010183	 1	 679	 2	 3928
loveat9q18	 1480201147067424770	 5.78497790868924903323	 .00147275405007363770	 .00025458248472505091	 1	 679	 1	 3928
loveat9q22	 1501389049382125569	 5.78497790868924903323	 .00147275405007363770	 .00025458248472505091	 1	 679	 1	 3928
ltc	 1494531588843003920	 2.89248895434462445980	 .00147275405007363770	 .00050916496945010183	 1	 679	 2	 3928
maliciousdisinformationcampaigns	 1509277992584982538	 5.78497790868924903323	 .00147275405007363770	 .00025458248472505091	 1	 679	 1	 3928
mariupol	 1505805285901971456	 1.92832596956308298582	 .00147275405007363770	 .00076374745417515274	 1	 679	 3	 3928
maryjblige	 1493035319008006151	 5.78497790868924903323	 .00147275405007363770	 .00025458248472505091	 1	 679	 1	 3928
maskup	 1519101478891364357	 2.47927624658110667287	 .00441826215022091310	 .00178207739307535641	 3	 679	 7	 3928
maximoflaw	 1509147342632632321	 5.78497790868924903323	 .00147275405007363770	 .00025458248472505091	 1	 679	 1	 3928
mccarthyisaweakman	 1489606853533261834	 5.78497790868924903323	 .00147275405007363770	 .00025458248472505091	 1	 679	 1	 3928
mcqueenmonday	 1485570158206898179	 5.78497790868924903323	 .00147275405007363770	 .00025458248472505091	 1	 679	 1	 3928
mdc	 1509277992584982538	 5.78497790868924903323	 .00147275405007363770	 .00025458248472505091	 1	 679	 1	 3928
me	 1484338519002648576	 5.78497790868924903323	 .00147275405007363770	 .00025458248472505091	 1	 679	 1	 3928
mecfs	 1494021755836395520	 1.92832596956308297320	 .00294550810014727540	 .00152749490835030549	 2	 679	 6	 3928
mediaamnesia	 1518877185968250881	 5.78497790868924903323	 .00147275405007363770	 .00025458248472505091	 1	 679	 1	 3928
mediabias	 1518877185968250881	 5.78497790868924903323	 .00147275405007363770	 .00025458248472505091	 1	 679	 1	 3928
mediaoligarchsout	 1518877185968250881	 5.78497790868924903323	 .00147275405007363770	 .00025458248472505091	 1	 679	 1	 3928
mediapropaganda	 1513530921475272707	 5.78497790868924903323	 .00147275405007363770	 .00025458248472505091	 1	 679	 1	 3928
mediareforms	 1513530921475272707	 5.78497790868924903323	 .00147275405007363770	 .00025458248472505091	 1	 679	 1	 3928
mentalhealth	 1504905411207450624	 5.78497790868924903323	 .00147275405007363770	 .00025458248472505091	 1	 679	 1	 3928
merrickgarland	 1481785928561659905	 4.33873343151693668971	 .00441826215022091310	 .00101832993890020366	 3	 679	 4	 3928
metoo	 1497192182054211589	 1.44624447717231222990	 .00147275405007363770	 .00101832993890020366	 1	 679	 4	 3928
minimumwage	 1490349598837202945	 5.78497790868924903323	 .00147275405007363770	 .00025458248472505091	 1	 679	 1	 3928
mitchmcconnell	 1481024059685154819	 5.78497790868924903323	 .00147275405007363770	 .00025458248472505091	 1	 679	 1	 3928
momlife	 1504905411207450624	 5.78497790868924903323	 .00147275405007363770	 .00025458248472505091	 1	 679	 1	 3928
mon4kooyong	 1499398657405112322	 5.78497790868924903323	 .00147275405007363770	 .00025458248472505091	 1	 679	 1	 3928
mongol	 1495315347078930436	 5.78497790868924903323	 .00147275405007363770	 .00025458248472505091	 1	 679	 1	 3928
morrison	 1509016490896683008	 2.10362833043245414489	 .00589101620029455081	 .00280040733197556008	 4	 679	 11	 3928
morrisonfail	 1497776151615664136	 1.92832596956308298582	 .00147275405007363770	 .00076374745417515274	 1	 679	 3	 3928
morrisonfailure	 1497776151615664136	 1.44624447717231222990	 .00147275405007363770	 .00101832993890020366	 1	 679	 4	 3928
moscow	 1496905206226894856	 5.78497790868924903323	 .00147275405007363770	 .00025458248472505091	 1	 679	 1	 3928
mrspeakermrspeakermrspeakermrspeaker	 1509016490896683008	 5.78497790868924903323	 .00147275405007363770	 .00025458248472505091	 1	 679	 1	 3928
msm	 1481481412071292928	 .82642541552703555762	 .00147275405007363770	 .00178207739307535641	 1	 679	 7	 3928
mtg	 1514612424850116617	 5.78497790868924903323	 .00147275405007363770	 .00025458248472505091	 1	 679	 1	 3928
multiplesclerosis	 1485709299166826496	 5.78497790868924891961	 .00294550810014727540	 .00050916496945010183	 2	 679	 2	 3928
murdoch	 1516425069790375948	 4.33873343151693668971	 .00441826215022091310	 .00101832993890020366	 3	 679	 4	 3928
murdochguttermedia	 1.5147e+18	 3.47098674521354933813	 .00441826215022091310	 .00127291242362525458	 3	 679	 5	 3928
n95sforall	 1506442743047933955	 5.78497790868924903323	 .00147275405007363770	 .00025458248472505091	 1	 679	 1	 3928
nationals	 1490869382452740097	 5.78497790868924903323	 .00147275405007363770	 .00025458248472505091	 1	 679	 1	 3928
nato	 1515732394996903939	 1.92832596956308298582	 .00147275405007363770	 .00076374745417515274	 1	 679	 3	 3928
nbaaiistar	 1479153908006195201	 5.78497790868924903323	 .00147275405007363770	 .00025458248472505091	 1	 679	 1	 3928
nbaallstar	 1479181338842390536	 5.78497790868924895748	 .00441826215022091310	 .00076374745417515274	 3	 679	 3	 3928
ndis	 1492728629624651777	 1.92832596956308298582	 .00147275405007363770	 .00076374745417515274	 1	 679	 3	 3928
neocon	 1503936129539604481	 5.78497790868924903323	 .00147275405007363770	 .00025458248472505091	 1	 679	 1	 3928
neonazi	 1500859020474732551	 5.78497790868924903323	 .00147275405007363770	 .00025458248472505091	 1	 679	 1	 3928
netanyahu	 1504928141692788737	 5.78497790868924903323	 .00147275405007363770	 .00025458248472505091	 1	 679	 1	 3928
neverforgemmmmmm	 1484414446042812416	 5.78497790868924903323	 .00147275405007363770	 .00025458248472505091	 1	 679	 1	 3928
nevervoteconservative	 1479877083035754497	 .48208149239077074172	 .00147275405007363770	 .00305498981670061099	 1	 679	 12	 3928
newhusband	 1512860014666526723	 5.78497790868924891961	 .00294550810014727540	 .00050916496945010183	 2	 679	 2	 3928
newscorpse	 1504718539294650373	 2.89248895434462445980	 .00147275405007363770	 .00050916496945010183	 1	 679	 2	 3928
nhs	 1135151217439596544	 .72312223858615611140	 .00147275405007363770	 .00203665987780040733	 1	 679	 8	 3928
nhsheroes	 1486828184897265666	 5.78497790868924903323	 .00147275405007363770	 .00025458248472505091	 1	 679	 1	 3928
nicolasturgeon	 1514907869522530305	 5.78497790868924903323	 .00147275405007363770	 .00025458248472505091	 1	 679	 1	 3928
nocovid	 1486334281416908804	 5.78497790868924903323	 .00147275405007363770	 .00025458248472505091	 1	 679	 1	 3928
noflyzoneoverukraine	 1499667921664045058	 5.78497790868924903323	 .00147275405007363770	 .00025458248472505091	 1	 679	 1	 3928
noleana	 1512835491611164674	 5.78497790868924903323	 .00147275405007363770	 .00025458248472505091	 1	 679	 1	 3928
nomoresin	 1486033923859791883	 5.78497790868924903323	 .00147275405007363770	 .00025458248472505091	 1	 679	 1	 3928
notjournalism	 1504718539294650373	 5.78497790868924903323	 .00147275405007363770	 .00025458248472505091	 1	 679	 1	 3928
nowar	 1492242204492021761	 2.31399116347569955875	 .00294550810014727540	 .00127291242362525458	 2	 679	 5	 3928
nowarwithrussia	 1492242204492021761	 2.89248895434462445980	 .00294550810014727540	 .00101832993890020366	 2	 679	 4	 3928
npc	 1488353431823605760	 5.78497790868924903323	 .00147275405007363770	 .00025458248472505091	 1	 679	 1	 3928
nswcovid	 1487222400123273220	 5.78497790868924903323	 .00147275405007363770	 .00025458248472505091	 1	 679	 1	 3928
nswinc	 1478301414916911107	 5.78497790868924903323	 .00147275405007363770	 .00025458248472505091	 1	 679	 1	 3928
nursing	 1501247486987579395	 5.78497790868924903323	 .00147275405007363770	 .00025458248472505091	 1	 679	 1	 3928
nyc	 1497461625653190660	 1.92832596956308298582	 .00147275405007363770	 .00076374745417515274	 1	 679	 3	 3928
ohmfluke3rdfallingforyou	 1511569147477762054	 2.89248895434462445980	 .00147275405007363770	 .00050916496945010183	 1	 679	 2	 3928
oligarchs	 1504254581932449792	 2.89248895434462445980	 .00147275405007363770	 .00050916496945010183	 1	 679	 2	 3928
omicron	 1486334281416908804	 .88999660133680752206	 .00294550810014727540	 .00330957230142566191	 2	 679	 13	 3928
omikron	 1486334281416908804	 2.89248895434462445980	 .00147275405007363770	 .00050916496945010183	 1	 679	 2	 3928
onev1	 1482391203270344707	 1.44624447717231222990	 .00147275405007363770	 .00101832993890020366	 1	 679	 4	 3928
onpoli	 1501247486987579395	 1.65285083105407111525	 .00294550810014727540	 .00178207739307535641	 2	 679	 7	 3928
onthisday	 1488260346611523584	 5.78497790868924903323	 .00147275405007363770	 .00025458248472505091	 1	 679	 1	 3928
organic	 1510562148002451458	 5.78497790868924891961	 .00294550810014727540	 .00050916496945010183	 2	 679	 2	 3928
oz	 1513144652689551373	 5.78497790868924891961	 .00294550810014727540	 .00050916496945010183	 2	 679	 2	 3928
pa	 1513144652689551373	 2.89248895434462445980	 .00147275405007363770	 .00050916496945010183	 1	 679	 2	 3928
pandemic	 1479319235746664449	 1.92832596956308298582	 .00147275405007363770	 .00076374745417515274	 1	 679	 3	 3928
paranormal	 1504885460585304072	 5.78497790868924903323	 .00147275405007363770	 .00025458248472505091	 1	 679	 1	 3928
parkhotelrefugees	 1512390843566792710	 5.78497790868924903323	 .00147275405007363770	 .00025458248472505091	 1	 679	 1	 3928
partygate	 1513892339672047617	 .72312223858615611140	 .00294550810014727540	 .00407331975560081466	 2	 679	 16	 3928
partygatefines	 1514531201683443717	 5.78497790868924903323	 .00147275405007363770	 .00025458248472505091	 1	 679	 1	 3928
partyofputin	 1517151054550290440	 5.78497790868924903323	 .00147275405007363770	 .00025458248472505091	 1	 679	 1	 3928
paulkeating	 1485818425326800897	 2.89248895434462445980	 .00147275405007363770	 .00050916496945010183	 1	 679	 2	 3928
perjurytaylorgreene	 1517673797108838400	 5.78497790868924891961	 .00294550810014727540	 .00050916496945010183	 2	 679	 2	 3928
petrolheads	 1481913762131103744	 5.78497790868924903323	 .00147275405007363770	 .00025458248472505091	 1	 679	 1	 3928
pfizer	 1492639878202499082	 3.85665193912616597165	 .00294550810014727540	 .00076374745417515274	 2	 679	 3	 3928
pm	 1478311130321723393	 2.89248895434462445980	 .00147275405007363770	 .00050916496945010183	 1	 679	 2	 3928
pmqs	 1513892339672047617	 2.89248895434462445980	 .00294550810014727540	 .00101832993890020366	 2	 679	 4	 3928
poems	 1504895933774979079	 5.78497790868924891961	 .00294550810014727540	 .00050916496945010183	 2	 679	 2	 3928
poetry	 1504895933774979079	 3.85665193912616597165	 .00294550810014727540	 .00076374745417515274	 2	 679	 3	 3928
poland	 1494427980415782917	 1.44624447717231222990	 .00147275405007363770	 .00101832993890020366	 1	 679	 4	 3928
politicaldonations	 1478301414916911107	 5.78497790868924903323	 .00147275405007363770	 .00025458248472505091	 1	 679	 1	 3928
polizeigewalt	 1485344722189262851	 5.78497790868924903323	 .00147275405007363770	 .00025458248472505091	 1	 679	 1	 3928
prayerroom	 1519444479861981185	 1.92832596956308297320	 .00294550810014727540	 .00152749490835030549	 2	 679	 6	 3928
prayforukraine	 1510991435704717319	 1.92832596956308298582	 .00147275405007363770	 .00076374745417515274	 1	 679	 3	 3928
private	 1499669182773968904	 5.78497790868924903323	 .00147275405007363770	 .00025458248472505091	 1	 679	 1	 3928
proportionalrepresentation	 1514718608387104770	 5.78497790868924903323	 .00147275405007363770	 .00025458248472505091	 1	 679	 1	 3928
protectnhs	 1493671732527390722	 5.78497790868924903323	 .00147275405007363770	 .00025458248472505091	 1	 679	 1	 3928
protectthechildren	 1509148946140209154	 2.89248895434462445980	 .00147275405007363770	 .00050916496945010183	 1	 679	 2	 3928
putin	 1497817945258475522	 .64277532318769432299	 .00147275405007363770	 .00229124236252545824	 1	 679	 9	 3928
putinspuppet	 1482588355997044736	 2.89248895434462445980	 .00147275405007363770	 .00050916496945010183	 1	 679	 2	 3928
putinswar	 1499022549925171204	 1.92832596956308298582	 .00147275405007363770	 .00076374745417515274	 1	 679	 3	 3928
putlnplast	 1.5147e+18	 2.31399116347569955875	 .00294550810014727540	 .00127291242362525458	 2	 679	 5	 3928
qanda	 1511300394697502724	 1.65285083105407111525	 .00294550810014727540	 .00178207739307535641	 2	 679	 7	 3928
qt	 1519643960213655552	 5.78497790868924903323	 .00147275405007363770	 .00025458248472505091	 1	 679	 1	 3928
r5	 1484303287264628737	 5.78497790868924903323	 .00147275405007363770	 .00025458248472505091	 1	 679	 1	 3928
rare	 1486810926200279040	 5.78497790868924903323	 .00147275405007363770	 .00025458248472505091	 1	 679	 1	 3928
rats	 1478311130321723393	 1.92832596956308298582	 .00147275405007363770	 .00076374745417515274	 1	 679	 3	 3928
rave	 1484303287264628737	 5.78497790868924903323	 .00147275405007363770	 .00025458248472505091	 1	 679	 1	 3928
realitywinner	 1492490048264151044	 2.31399116347569955875	 .00294550810014727540	 .00127291242362525458	 2	 679	 5	 3928
regeneron	 1518049884590333952	 5.78497790868924903323	 .00147275405007363770	 .00025458248472505091	 1	 679	 1	 3928
religiousdiscriminationbill	 1490884610699698178	 3.85665193912616597165	 .00294550810014727540	 .00076374745417515274	 2	 679	 3	 3928
repealbill124	 1501247486987579395	 1.92832596956308298582	 .00147275405007363770	 .00076374745417515274	 1	 679	 3	 3928
republicans	 1489300528937025537	 2.89248895434462445980	 .00147275405007363770	 .00050916496945010183	 1	 679	 2	 3928
republicansaretraitors	 1499453734182690821	 5.78497790868924903323	 .00147275405007363770	 .00025458248472505091	 1	 679	 1	 3928
researchlongcovid	 1501597335780003840	 5.78497790868924903323	 .00147275405007363770	 .00025458248472505091	 1	 679	 1	 3928
resign	 1483309125694291968	 5.78497790868924903323	 .00147275405007363770	 .00025458248472505091	 1	 679	 1	 3928
resignkenney	 1495220439026520066	 2.89248895434462445980	 .00147275405007363770	 .00050916496945010183	 1	 679	 2	 3928
resistance	 1502049153488195585	 5.78497790868924903323	 .00147275405007363770	 .00025458248472505091	 1	 679	 1	 3928
rightwing	 1512328225858494467	 5.78497790868924903323	 .00147275405007363770	 .00025458248472505091	 1	 679	 1	 3928
rip	 1511770937749917699	 5.78497790868924891961	 .00294550810014727540	 .00050916496945010183	 2	 679	 2	 3928
ripsidneypoitier	 1479578412599549955	 5.78497790868924903323	 .00147275405007363770	 .00025458248472505091	 1	 679	 1	 3928
ripsirsidneypoitier	 1479578412599549955	 5.78497790868924903323	 .00147275405007363770	 .00025458248472505091	 1	 679	 1	 3928
robodebt	 1514380156013805571	 2.89248895434462445980	 .00147275405007363770	 .00050916496945010183	 1	 679	 2	 3928
rubyprincess	 1512578951905832964	 5.78497790868924903323	 .00147275405007363770	 .00025458248472505091	 1	 679	 1	 3928
russia	 1506312673734148105	 1.82683512905976280934	 .00883652430044182621	 .00483706720977596741	 6	 679	 19	 3928
russiainvadedukraine	 1499022549925171204	 2.89248895434462445980	 .00147275405007363770	 .00050916496945010183	 1	 679	 2	 3928
russian	 1502559523843805185	 1.65285083105407111525	 .00294550810014727540	 .00178207739307535641	 2	 679	 7	 3928
russianforces	 1498266815595745284	 5.78497790868924903323	 .00147275405007363770	 .00025458248472505091	 1	 679	 1	 3928
russianmilitary	 1497788447443992577	 5.78497790868924903323	 .00147275405007363770	 .00025458248472505091	 1	 679	 1	 3928
russianoilandgas	 1497788447443992577	 5.78497790868924903323	 .00147275405007363770	 .00025458248472505091	 1	 679	 1	 3928
russiareport	 1496463662839742473	 3.85665193912616597165	 .00294550810014727540	 .00076374745417515274	 2	 679	 3	 3928
russiawarcrimes	 1504254581932449792	 5.78497790868924903323	 .00147275405007363770	 .00025458248472505091	 1	 679	 1	 3928
rwanda	 1514531201683443717	 5.78497790868924903323	 .00147275405007363770	 .00025458248472505091	 1	 679	 1	 3928
sackborisjohnson	 1495367463910973449	 5.78497790868924903323	 .00147275405007363770	 .00025458248472505091	 1	 679	 1	 3928
satanic	 1495800014576451586	 5.78497790868924903323	 .00147275405007363770	 .00025458248472505091	 1	 679	 1	 3928
sayknowtodroz	 1513102009808867328	 5.78497790868924903323	 .00147275405007363770	 .00025458248472505091	 1	 679	 1	 3928
saynotowar	 1512495296374181891	 2.89248895434462445980	 .00147275405007363770	 .00050916496945010183	 1	 679	 2	 3928
schools	 1488680757795045376	 1.92832596956308298582	 .00147275405007363770	 .00076374745417515274	 1	 679	 3	 3928
science	 1507625794927235074	 1.92832596956308298582	 .00147275405007363770	 .00076374745417515274	 1	 679	 3	 3928
scomicron	 1479025309596872704	 2.89248895434462445980	 .00147275405007363770	 .00050916496945010183	 1	 679	 2	 3928
scomoectomy	 1518401138386604032	 5.78497790868924903323	 .00147275405007363770	 .00025458248472505091	 1	 679	 1	 3928
scottmorrison	 1499683752938643461	 5.78497790868924891961	 .00294550810014727540	 .00050916496945010183	 2	 679	 2	 3928
scotttheliar	 1512551219398848515	 5.78497790868924903323	 .00147275405007363770	 .00025458248472505091	 1	 679	 1	 3928
scottydoesnothing	 1503122453287309312	 3.85665193912616597165	 .00294550810014727540	 .00076374745417515274	 2	 679	 3	 3928
scottydoesntgivearats	 1481533746096783362	 5.78497790868924895748	 .00441826215022091310	 .00076374745417515274	 3	 679	 3	 3928
scottyfromcorruption	 1515484679327010821	 5.78497790868924903323	 .00147275405007363770	 .00025458248472505091	 1	 679	 1	 3928
scottyfrommarketing	 1504970365071622144	 3.47098674521354933813	 .00441826215022091310	 .00127291242362525458	 3	 679	 5	 3928
scottyfromphotoops	 1514908778747265025	 2.89248895434462445980	 .00441826215022091310	 .00152749490835030549	 3	 679	 6	 3928
scottymustgo	 1518401138386604032	 2.89248895434462445980	 .00147275405007363770	 .00050916496945010183	 1	 679	 2	 3928
scottythecompletepsycho	 1492062459674624005	 2.89248895434462445980	 .00294550810014727540	 .00101832993890020366	 2	 679	 4	 3928
scottythecreep	 1492062459674624005	 5.78497790868924903323	 .00147275405007363770	 .00025458248472505091	 1	 679	 1	 3928
scottythefailure	 1494773351516348416	 4.62798232695139912536	 .00589101620029455081	 .00127291242362525458	 4	 679	 5	 3928
scottytheliar	 1478856328617463808	 1.92832596956308298582	 .00147275405007363770	 .00076374745417515274	 1	 679	 3	 3928
scottythepathologicalliar	 1515484679327010821	 1.23963812329055333296	 .00441826215022091310	 .00356415478615071283	 3	 679	 14	 3928
scottythesoooooobag	 1505308402766913541	 1.92832596956308298582	 .00147275405007363770	 .00076374745417515274	 1	 679	 3	 3928
scottytheworstprimeministerever	 1512579983654342656	 1.92832596956308298582	 .00147275405007363770	 .00076374745417515274	 1	 679	 3	 3928
scotusstench	 1481746614494679058	 2.89248895434462445980	 .00147275405007363770	 .00050916496945010183	 1	 679	 2	 3928
seizechelsea	 1497672912987377669	 5.78497790868924903323	 .00147275405007363770	 .00025458248472505091	 1	 679	 1	 3928
seizetheyachts	 1499088066299969540	 5.78497790868924903323	 .00147275405007363770	 .00025458248472505091	 1	 679	 1	 3928
serco	 1494240496700506117	 5.78497790868924903323	 .00147275405007363770	 .00025458248472505091	 1	 679	 1	 3928
shamelessselfpromo	 1504885460585304072	 5.78497790868924903323	 .00147275405007363770	 .00025458248472505091	 1	 679	 1	 3928
shameonmccarthy	 1481688688979587073	 5.78497790868924903323	 .00147275405007363770	 .00025458248472505091	 1	 679	 1	 3928
shameonrebuplicans	 1481685943379804161	 5.78497790868924903323	 .00147275405007363770	 .00025458248472505091	 1	 679	 1	 3928
shutdownoligarchs	 1497788447443992577	 5.78497790868924903323	 .00147275405007363770	 .00025458248472505091	 1	 679	 1	 3928
shutdownputin	 1497788447443992577	 5.78497790868924903323	 .00147275405007363770	 .00025458248472505091	 1	 679	 1	 3928
sinemaendsdemocracy	 1485020787031654401	 5.78497790868924903323	 .00147275405007363770	 .00025458248472505091	 1	 679	 1	 3928
slavaukraine	 1503635086951993348	 1.92832596956308298582	 .00147275405007363770	 .00076374745417515274	 1	 679	 3	 3928
slavaukraini	 1510400725917978627	 2.16936671575846833420	 .00441826215022091310	 .00203665987780040733	 3	 679	 8	 3928
slavaukrainii	 1506934527092006919	 5.78497790868924903323	 .00147275405007363770	 .00025458248472505091	 1	 679	 1	 3928
slavaukranie	 1497713639419170823	 5.78497790868924903323	 .00147275405007363770	 .00025458248472505091	 1	 679	 1	 3928
slavazelenskyy	 1506934527092006919	 5.78497790868924903323	 .00147275405007363770	 .00025458248472505091	 1	 679	 1	 3928
socialmurder	 1511282244316401667	 5.78497790868924903323	 .00147275405007363770	 .00025458248472505091	 1	 679	 1	 3928
solidarittmitkarl	 1516474706949554184	 2.89248895434462445980	 .00147275405007363770	 .00050916496945010183	 1	 679	 2	 3928
solomonislands	 1518017146529652737	 5.78497790868924903323	 .00147275405007363770	 .00025458248472505091	 1	 679	 1	 3928
sovietunion	 1504509648405213184	 5.78497790868924903323	 .00147275405007363770	 .00025458248472505091	 1	 679	 1	 3928
spinalcord	 1481754751570268164	 5.78497790868924903323	 .00147275405007363770	 .00025458248472505091	 1	 679	 1	 3928
spotify	 1487057524066971659	 2.89248895434462445980	 .00147275405007363770	 .00050916496945010183	 1	 679	 2	 3928
standtogether	 1485193397723967495	 5.78497790868924903323	 .00147275405007363770	 .00025458248472505091	 1	 679	 1	 3928
standwithukraine	 1515732394996903939	 1.97907138981474304431	 .01914580265095729013	 .00967413441955193482	 13	 679	 38	 3928
standwithukraine	 1500078158883835907	 2.89248895434462445980	 .00441826215022091310	 .00152749490835030549	 3	 679	 6	 3928
standwithukriane	 1497969801234370562	 .82642541552703555762	 .00147275405007363770	 .00178207739307535641	 1	 679	 7	 3928
stewardshipnot	 1510535291911606275	 5.78497790868924903323	 .00147275405007363770	 .00025458248472505091	 1	 679	 1	 3928
stopputin	 1515732394996903939	 2.89248895434462445980	 .00441826215022091310	 .00152749490835030549	 3	 679	 6	 3928
stopputinnow	 1499667921664045058	 2.89248895434462445980	 .00147275405007363770	 .00050916496945010183	 1	 679	 2	 3928
stoprussia	 1508775163051098119	 2.89248895434462445980	 .00294550810014727540	 .00101832993890020366	 2	 679	 4	 3928
stoprussianaggression	 1496944404619268096	 2.89248895434462445980	 .00147275405007363770	 .00050916496945010183	 1	 679	 2	 3928
stoprussianinvasion	 1496944404619268096	 5.78497790868924903323	 .00147275405007363770	 .00025458248472505091	 1	 679	 1	 3928
stopthegrind	 1477253096015376384	 3.85665193912616597165	 .00294550810014727540	 .00076374745417515274	 2	 679	 3	 3928
stopwar	 1497718712018690051	 2.89248895434462445980	 .00147275405007363770	 .00050916496945010183	 1	 679	 2	 3928
strike	 1506756347127386123	 5.78497790868924903323	 .00147275405007363770	 .00025458248472505091	 1	 679	 1	 3928
suegray	 1500836919017672708	 5.78497790868924903323	 .00147275405007363770	 .00025458248472505091	 1	 679	 1	 3928
suegrayreport	 1488108363674226688	 2.89248895434462445980	 .00147275405007363770	 .00050916496945010183	 1	 679	 2	 3928
suegrey	 1500936802772865030	 5.78497790868924903323	 .00147275405007363770	 .00025458248472505091	 1	 679	 1	 3928
sunrise	 1481533746096783362	 5.78497790868924903323	 .00147275405007363770	 .00025458248472505091	 1	 679	 1	 3928
tailpipetuesday	 1496059007408250884	 5.78497790868924903323	 .00147275405007363770	 .00025458248472505091	 1	 679	 1	 3928
takeoutsinema	 1486033923859791883	 5.78497790868924903323	 .00147275405007363770	 .00025458248472505091	 1	 679	 1	 3928
tamepunk	 1487615085241458690	 5.78497790868924903323	 .00147275405007363770	 .00025458248472505091	 1	 679	 1	 3928
taxpayer	 1488680757795045376	 5.78497790868924903323	 .00147275405007363770	 .00025458248472505091	 1	 679	 1	 3928
tbilisi	 1497605784213069824	 5.78497790868924903323	 .00147275405007363770	 .00025458248472505091	 1	 679	 1	 3928
teamlauterbach	 1513272302309359628	 5.78497790868924903323	 .00147275405007363770	 .00025458248472505091	 1	 679	 1	 3928
teamwissenschaft	 1513272302309359628	 5.78497790868924903323	 .00147275405007363770	 .00025458248472505091	 1	 679	 1	 3928
teamzuversicht	 1513272302309359628	 5.78497790868924903323	 .00147275405007363770	 .00025458248472505091	 1	 679	 1	 3928
tfg	 1482586482640670724	 2.89248895434462445980	 .00294550810014727540	 .00101832993890020366	 2	 679	 4	 3928
thankyoujoe	 1432453664313065474	 1.92832596956308298582	 .00147275405007363770	 .00076374745417515274	 1	 679	 3	 3928
thedrum	 1481533746096783362	 2.89248895434462445980	 .00147275405007363770	 .00050916496945010183	 1	 679	 2	 3928
theprojecttv	 1481533746096783362	 1.44624447717231222990	 .00147275405007363770	 .00101832993890020366	 1	 679	 4	 3928
thereishope	 1476577077289787398	 5.78497790868924903323	 .00147275405007363770	 .00025458248472505091	 1	 679	 1	 3928
thethingswedoforlove	 1495427796851695621	 5.78497790868924903323	 .00147275405007363770	 .00025458248472505091	 1	 679	 1	 3928
theview	 1498335141676130308	 1.92832596956308298582	 .00147275405007363770	 .00076374745417515274	 1	 679	 3	 3928
theweekly	 1519445465917706240	 5.78497790868924903323	 .00147275405007363770	 .00025458248472505091	 1	 679	 1	 3928
thisisnotjournalism	 1514005462857162754	 3.47098674521354933813	 .00441826215022091310	 .00127291242362525458	 3	 679	 5	 3928
thrillerbooks	 1504885460585304072	 5.78497790868924903323	 .00147275405007363770	 .00025458248472505091	 1	 679	 1	 3928
throwbackthursday	 1499324911348854784	 2.89248895434462445980	 .00147275405007363770	 .00050916496945010183	 1	 679	 2	 3928
thursdaymotivation	 1481680589304451075	 5.78497790868924903323	 .00147275405007363770	 .00025458248472505091	 1	 679	 1	 3928
thursdaythoughts	 1481680589304451075	 5.78497790868924903323	 .00147275405007363770	 .00025458248472505091	 1	 679	 1	 3928
ticktockjosh	 1483309125694291968	 5.78497790868924903323	 .00147275405007363770	 .00025458248472505091	 1	 679	 1	 3928
tinfoilofthemonth	 1491306773806194688	 5.78497790868924903323	 .00147275405007363770	 .00025458248472505091	 1	 679	 1	 3928
today	 1481533746096783362	 5.78497790868924903323	 .00147275405007363770	 .00025458248472505091	 1	 679	 1	 3928
together	 1491501367608893442	 5.78497790868924903323	 .00147275405007363770	 .00025458248472505091	 1	 679	 1	 3928
toriesinputinspocket	 1504254581932449792	 5.78497790868924903323	 .00147275405007363770	 .00025458248472505091	 1	 679	 1	 3928
toriesout	 1504254581932449792	 1.92832596956308297320	 .00294550810014727540	 .00152749490835030549	 2	 679	 6	 3928
toriesoutnow	 1498398557237301253	 2.89248895434462445980	 .00147275405007363770	 .00050916496945010183	 1	 679	 2	 3928
toriesunfittogovern	 1496463701146312704	 2.89248895434462445980	 .00147275405007363770	 .00050916496945010183	 1	 679	 2	 3928
torquay	 1495015821936103424	 5.78497790868924903323	 .00147275405007363770	 .00025458248472505091	 1	 679	 1	 3928
toryrussianmoney	 1513110301201379336	 3.85665193912616597165	 .00294550810014727540	 .00076374745417515274	 2	 679	 3	 3928
torysoooooo	 1488141985953288196	 5.78497790868924903323	 .00147275405007363770	 .00025458248472505091	 1	 679	 1	 3928
toxicscotty	 1492062459674624005	 5.78497790868924903323	 .00147275405007363770	 .00025458248472505091	 1	 679	 1	 3928
treasurer	 1516425069790375948	 5.78497790868924903323	 .00147275405007363770	 .00025458248472505091	 1	 679	 1	 3928
treatlongcovid	 1491332555412762624	 3.85665193912616597165	 .00294550810014727540	 .00076374745417515274	 2	 679	 3	 3928
trilliondollarscotty	 1494773351516348416	 5.78497790868924903323	 .00147275405007363770	 .00025458248472505091	 1	 679	 1	 3928
triplejabbed	 1480104742437142532	 5.78497790868924903323	 .00147275405007363770	 .00025458248472505091	 1	 679	 1	 3928
trump	 1512328225858494467	 2.89248895434462445980	 .00147275405007363770	 .00050916496945010183	 1	 679	 2	 3928
trumpcoupattempt	 1499453734182690821	 3.85665193912616597165	 .00294550810014727540	 .00076374745417515274	 2	 679	 3	 3928
trumpcult	 1510634257219162120	 5.78497790868924903323	 .00147275405007363770	 .00025458248472505091	 1	 679	 1	 3928
trumpisguilty	 1496591425961484289	 2.89248895434462445980	 .00147275405007363770	 .00050916496945010183	 1	 679	 2	 3928
trumprally	 1510634257219162120	 1.92832596956308298582	 .00147275405007363770	 .00076374745417515274	 1	 679	 3	 3928
truth	 1504254581932449792	 5.78497790868924903323	 .00147275405007363770	 .00025458248472505091	 1	 679	 1	 3928
truthbillboards	 1495800014576451586	 1.15699558173784977937	 .00147275405007363770	 .00127291242362525458	 1	 679	 5	 3928
tuckercarlsonrussianrrrrrret	 1502711692031107084	 5.78497790868924903323	 .00147275405007363770	 .00025458248472505091	 1	 679	 1	 3928
tuckyorose	 1496561752728817666	 5.78497790868924903323	 .00147275405007363770	 .00025458248472505091	 1	 679	 1	 3928
turmeric	 1510562148002451458	 5.78497790868924903323	 .00147275405007363770	 .00025458248472505091	 1	 679	 1	 3928
typhoidmorrison	 1478951336238469121	 5.78497790868924903323	 .00147275405007363770	 .00025458248472505091	 1	 679	 1	 3928
ubi	 1500049914390523912	 4.33873343151693668971	 .00441826215022091310	 .00101832993890020366	 3	 679	 4	 3928
uk	 1504564452536037376	 1.92832596956308297320	 .00294550810014727540	 .00152749490835030549	 2	 679	 6	 3928
ukraina	 1497735774632038406	 2.89248895434462445980	 .00147275405007363770	 .00050916496945010183	 1	 679	 2	 3928
ukraine	 1510991435704717319	 1.96935418168144643336	 .02356406480117820324	 .01196537678207739307	 16	 679	 47	 3928
ukraine	 1502335245487644673	 1.92832596956308298582	 .00147275405007363770	 .00076374745417515274	 1	 679	 3	 3928
ukraineanimals	 1508358763379576833	 5.78497790868924903323	 .00147275405007363770	 .00025458248472505091	 1	 679	 1	 3928
ukraineanimalsneedingrescue	 1508358763379576833	 5.78497790868924903323	 .00147275405007363770	 .00025458248472505091	 1	 679	 1	 3928
ukrainecrisis	 1499481840599638017	 5.78497790868924903323	 .00147275405007363770	 .00025458248472505091	 1	 679	 1	 3928
ukrainepets	 1508358763379576833	 5.78497790868924903323	 .00147275405007363770	 .00025458248472505091	 1	 679	 1	 3928
ukrainerefugees	 1501477931184529411	 5.78497790868924903323	 .00147275405007363770	 .00025458248472505091	 1	 679	 1	 3928
ukrainerussianwar	 1500467915191169025	 2.89248895434462445980	 .00147275405007363770	 .00050916496945010183	 1	 679	 2	 3928
ukrainerussiawar	 1497604476689022989	 1.92832596956308298582	 .00147275405007363770	 .00076374745417515274	 1	 679	 3	 3928
ukrainestrong	 1497840972142727169	 2.89248895434462445980	 .00147275405007363770	 .00050916496945010183	 1	 679	 2	 3928
ukraineunderattack	 1508791843353419779	 1.44624447717231222990	 .00147275405007363770	 .00101832993890020366	 1	 679	 4	 3928
ukraineunderattak	 1500467915191169025	 5.78497790868924903323	 .00147275405007363770	 .00025458248472505091	 1	 679	 1	 3928
ukrainewar	 1500467915191169025	 1.44624447717231222990	 .00147275405007363770	 .00101832993890020366	 1	 679	 4	 3928
ukrainewillprevail	 1510400725917978627	 5.78497790868924903323	 .00147275405007363770	 .00025458248472505091	 1	 679	 1	 3928
ukrainian	 1503714674436567042	 2.89248895434462445980	 .00294550810014727540	 .00101832993890020366	 2	 679	 4	 3928
ukriane	 1500467915191169025	 5.78497790868924903323	 .00147275405007363770	 .00025458248472505091	 1	 679	 1	 3928
union	 1481502547160584193	 2.89248895434462445980	 .00147275405007363770	 .00050916496945010183	 1	 679	 2	 3928
unitedwithukraine	 1502692628294508553	 2.89248895434462445980	 .00147275405007363770	 .00050916496945010183	 1	 679	 2	 3928
unsafeschools	 1481804942788734983	 5.78497790868924903323	 .00147275405007363770	 .00025458248472505091	 1	 679	 1	 3928
urgencyofebola	 1506668273600909313	 5.78497790868924903323	 .00147275405007363770	 .00025458248472505091	 1	 679	 1	 3928
usa	 1514894730408169474	 .82642541552703555762	 .00147275405007363770	 .00178207739307535641	 1	 679	 7	 3928
uselesslnp	 1494204197339684870	 5.78497790868924903323	 .00147275405007363770	 .00025458248472505091	 1	 679	 1	 3928
uselesspm	 1494204197339684870	 5.78497790868924903323	 .00147275405007363770	 .00025458248472505091	 1	 679	 1	 3928
ushistory	 1486511874799669249	 3.85665193912616597165	 .00294550810014727540	 .00076374745417515274	 2	 679	 3	 3928
usps	 1512195465701339137	 2.89248895434462445980	 .00147275405007363770	 .00050916496945010183	 1	 679	 2	 3928
uwmaseries	 1496021256889839618	 5.78497790868924903323	 .00147275405007363770	 .00025458248472505091	 1	 679	 1	 3928
vaccinate	 1491750180986753024	 5.78497790868924903323	 .00147275405007363770	 .00025458248472505091	 1	 679	 1	 3928
vaccine	 1478311130321723393	 1.92832596956308298582	 .00147275405007363770	 .00076374745417515274	 1	 679	 3	 3928
valdemings	 1498718697699094537	 2.89248895434462445980	 .00147275405007363770	 .00050916496945010183	 1	 679	 2	 3928
valeriethompson	 1513977674066239498	 5.78497790868924903323	 .00147275405007363770	 .00025458248472505091	 1	 679	 1	 3928
valnotmarco	 1498718697699094537	 5.78497790868924903323	 .00147275405007363770	 .00025458248472505091	 1	 679	 1	 3928
vaxzevria	 1513997146642657283	 5.78497790868924903323	 .00147275405007363770	 .00025458248472505091	 1	 679	 1	 3928
veryconfused	 1480146015416205317	 5.78497790868924903323	 .00147275405007363770	 .00025458248472505091	 1	 679	 1	 3928
viruses	 1481754751570268164	 5.78497790868924903323	 .00147275405007363770	 .00025458248472505091	 1	 679	 1	 3928
vitt	 1488809886360162304	 2.31399116347569955875	 .00294550810014727540	 .00127291242362525458	 2	 679	 5	 3928
vote1labor	 1514776956122075139	 .64277532318769432299	 .00147275405007363770	 .00229124236252545824	 1	 679	 9	 3928
voteblue2022	 1504918473281093633	 .82642541552703555762	 .00147275405007363770	 .00178207739307535641	 1	 679	 7	 3928
votebluein2022	 1514730710262767617	 1.28555064637538864599	 .00294550810014727540	 .00229124236252545824	 2	 679	 9	 3928
votebluetosaveamerica	 1517983678554509312	 2.89248895434462445051	 .00589101620029455081	 .00203665987780040733	 4	 679	 8	 3928
votefordout2022	 1501210615788015624	 1.54266077565046637512	 .00589101620029455081	 .00381873727087576374	 4	 679	 15	 3928
votejoshout	 1499291545866219520	 3.85665193912616595295	 .00589101620029455081	 .00152749490835030549	 4	 679	 6	 3928
votelabor	 1509016490896683008	 5.78497790868924903323	 .00147275405007363770	 .00025458248472505091	 1	 679	 1	 3928
votelnplast	 1501043126265589765	 2.89248895434462445980	 .00147275405007363770	 .00050916496945010183	 1	 679	 2	 3928
votemtgout	 1519507151357624321	 5.78497790868924903323	 .00147275405007363770	 .00025458248472505091	 1	 679	 1	 3928
votersuppression	 1482391203270344707	 5.78497790868924903323	 .00147275405007363770	 .00025458248472505091	 1	 679	 1	 3928
votethemallout2022	 1484646963320868864	 .88999660133680752206	 .00294550810014727540	 .00330957230142566191	 2	 679	 13	 3928
votethemout	 1518017146529652737	 1.44624447717231222990	 .00147275405007363770	 .00101832993890020366	 1	 679	 4	 3928
votingrights	 1488258076767502336	 5.78497790868924891961	 .00294550810014727540	 .00050916496945010183	 2	 679	 2	 3928
votingrightsact	 1486511078976548866	 2.89248895434462445980	 .00294550810014727540	 .00101832993890020366	 2	 679	 4	 3928
votingrightsnow	 1481680589304451075	 5.78497790868924903323	 .00147275405007363770	 .00025458248472505091	 1	 679	 1	 3928
wa	 1484676465098895361	 5.78497790868924903323	 .00147275405007363770	 .00025458248472505091	 1	 679	 1	 3928
wapol	 1513530921475272707	 5.78497790868924903323	 .00147275405007363770	 .00025458248472505091	 1	 679	 1	 3928
war	 1506312673734148105	 2.31399116347569955875	 .00294550810014727540	 .00127291242362525458	 2	 679	 5	 3928
warcrimes	 1515732394996903939	 5.78497790868924903323	 .00147275405007363770	 .00025458248472505091	 1	 679	 1	 3928
warfare	 1488680757795045376	 5.78497790868924903323	 .00147275405007363770	 .00025458248472505091	 1	 679	 1	 3928
warning	 1513578377235644416	 5.78497790868924903323	 .00147275405007363770	 .00025458248472505091	 1	 679	 1	 3928
water	 1518576153832804352	 5.78497790868924903323	 .00147275405007363770	 .00025458248472505091	 1	 679	 1	 3928
wato	 1514531201683443717	 5.78497790868924903323	 .00147275405007363770	 .00025458248472505091	 1	 679	 1	 3928
wealth	 1490349598837202945	 5.78497790868924903323	 .00147275405007363770	 .00025458248472505091	 1	 679	 1	 3928
welshnationalchart	 1484303287264628737	 5.78497790868924903323	 .00147275405007363770	 .00025458248472505091	 1	 679	 1	 3928
westandwithukraine	 1497718712018690051	 3.85665193912616597165	 .00294550810014727540	 .00076374745417515274	 2	 679	 3	 3928
wethenorth	 1479157876614651907	 5.78497790868924903323	 .00147275405007363770	 .00025458248472505091	 1	 679	 1	 3928
wethepeople	 1496940493686640644	 1.92832596956308298582	 .00147275405007363770	 .00076374745417515274	 1	 679	 3	 3928
wetvxohmfluke	 1486962906998935554	 3.47098674521354933813	 .00441826215022091310	 .00127291242362525458	 3	 679	 5	 3928
whereisdougford	 1491054354698104832	 5.78497790868924903323	 .00147275405007363770	 .00025458248472505091	 1	 679	 1	 3928
wirwollenmaskenpflicht	 1519049678637178886	 2.89248895434462445051	 .00589101620029455081	 .00203665987780040733	 4	 679	 8	 3928
witch	 1504885460585304072	 5.78497790868924903323	 .00147275405007363770	 .00025458248472505091	 1	 679	 1	 3928
wokingham	 1511731475376451585	 5.78497790868924903323	 .00147275405007363770	 .00025458248472505091	 1	 679	 1	 3928
worldsworsttreasuer	 1487534807122726912	 5.78497790868924903323	 .00147275405007363770	 .00025458248472505091	 1	 679	 1	 3928
worsegovtever	 1518576153832804352	 5.78497790868924903323	 .00147275405007363770	 .00025458248472505091	 1	 679	 1	 3928
writerslift	 1504895933774979079	 5.78497790868924895748	 .00441826215022091310	 .00076374745417515274	 3	 679	 3	 3928
writingcommunity	 1504885460585304072	 5.78497790868924903323	 .00147275405007363770	 .00025458248472505091	 1	 679	 1	 3928
yeg	 1516945309603033088	 5.78497790868924903323	 .00147275405007363770	 .00025458248472505091	 1	 679	 1	 3928
yourcrosstobear	 1497937514325233669	 5.78497790868924903323	 .00147275405007363770	 .00025458248472505091	 1	 679	 1	 3928
yyc	 1516945309603033088	 1.92832596956308298582	 .00147275405007363770	 .00076374745417515274	 1	 679	 3	 3928
zachlavine	 1479156111701950465	 5.78497790868924903323	 .00147275405007363770	 .00025458248472505091	 1	 679	 1	 3928
zelensky	 1501235158472708096	 1.92832596956308296899	 .00441826215022091310	 .00229124236252545824	 3	 679	 9	 3928
zerocovid	 1503727337694797829	 3.85665193912616597165	 .00294550810014727540	 .00076374745417515274	 2	 679	 3	 3928
epublicantraitors	 1496688801393033222	 5.78497790868924903323	 .00147275405007363770	 .00025458248472505091	 1	 679	 1	 3928
	 1496021256889839618	 5.78497790868924891961	 .00294550810014727540	 .00050916496945010183	 2	 679	 2	 3928
	 1501389049382125569	 4.04948453608247423175	 .01030927835051546391	 .00254582484725050916	 7	 679	 10	 3928
2021	 1490680433947856896	 2.31399116347569955875	 .00294550810014727540	 .00127291242362525458	 2	 679	 5	 3928
